[
  {
    "type": 0,
    "title": {
      "城市": "city",
      "区县": "county",
      "学校编号": "schoolId",
      "学校名称": "schoolName"
    },
    "data": {
      "id":0,
      "city": "",
      "county": "",
      "schoolId": "",
      "schoolName": ""
    }
  },
  {
    "type": 1,
    "title": {
      "学校编号": "schoolId",
      "学校名称": "schoolName",
      "电话号码": "phone",
      "人员名称": "name",
      "教师组": "department"
    },
    "data": {
      "id":0,
      "schoolName": "",
      "schoolId": "",
      "phone": "",
      "name": "",
      "department": ""
    }
  }

]